scenario_id,class,ego,target,min_frame,max_frame,base_xosc,anchor_frame
4_118,tlkeep,4,118,1028,1439,srexp-petq3/HetroD-01TL_02KEEP_4_118_f1029.xosc,
4_101,tlkeep,4,101,814,1444,srexp-petq3/HetroD-01TL_02KEEP_4_101_f815.xosc,
4_84,tlkeep,4,84,668,1442,srexp-petq3/HetroD-01TL_02KEEP_4_84_f669.xosc,
4_112,tlkeep,4,112,1002,1441,srexp-petq3/HetroD-01TL_02KEEP_4_112_f1003.xosc,
4_113,tlkeep,4,113,950,1439,srexp-petq3/HetroD-01TL_02KEEP_4_113_f951.xosc,
4_108,tlkeep,4,108,857,1441,srexp-petq3/HetroD-01TL_02KEEP_4_108_f858.xosc,
4_91,tlkeep,4,91,646,1439,srexp-petq3/HetroD-01TL_02KEEP_4_91_f647.xosc,
4_98,tlkeep,4,98,766,1452,srexp-petq3/HetroD-01TL_02KEEP_4_98_f767.xosc,
4_110,tlkeep,4,110,888,1445,srexp-petq3/HetroD-01TL_02KEEP_4_110_f889.xosc,
4_89,tlkeep,4,89,620,1417,srexp-petq3/HetroD-01TL_02KEEP_4_89_f621.xosc,
4_105,tlkeep,4,105,742,1421,srexp-petq3/HetroD-01TL_02KEEP_4_105_f743.xosc,
4_87,tlkeep,4,87,647,1439,srexp-petq3/HetroD-01TL_02KEEP_4_87_f648.xosc,
10_42,tlkeep,10,42,0,602,srexp-petq3/HetroD-01TL_02KEEP_10_42_f1.xosc,
10_25,tlkeep,10,25,0,598,srexp-petq3/HetroD-01TL_02KEEP_10_25_f1.xosc,
10_2,tlkeep,10,2,80,616,srexp-petq3/HetroD-01TL_02KEEP_10_2_f81.xosc,
10_41,tlkeep,10,41,0,610,srexp-petq3/HetroD-01TL_02KEEP_10_41_f1.xosc,
10_43,tlkeep,10,43,0,591,srexp-petq3/HetroD-01TL_02KEEP_10_43_f1.xosc,
10_5,tlkeep,10,5,0,589,srexp-petq3/HetroD-01TL_02KEEP_10_5_f1.xosc,
10_15,tlkeep,10,15,0,601,srexp-petq3/HetroD-01TL_02KEEP_10_15_f1.xosc,
10_59,tlkeep,10,59,192,621,srexp-petq3/HetroD-01TL_02KEEP_10_59_f193.xosc,
90_101,tlkeep,90,101,803,1640,srexp-petq3/HetroD-01TL_02KEEP_90_101_f804.xosc,
90_108,tlkeep,90,108,852,1632,srexp-petq3/HetroD-01TL_02KEEP_90_108_f853.xosc,
90_84,tlkeep,90,84,659,1621,srexp-petq3/HetroD-01TL_02KEEP_90_84_f660.xosc,
90_91,tlkeep,90,91,672,1617,srexp-petq3/HetroD-01TL_02KEEP_90_91_f673.xosc,
90_113,tlkeep,90,113,956,1633,srexp-petq3/HetroD-01TL_02KEEP_90_113_f957.xosc,
90_118,tlkeep,90,118,1026,1635,srexp-petq3/HetroD-01TL_02KEEP_90_118_f1027.xosc,
90_110,tlkeep,90,110,896,1622,srexp-petq3/HetroD-01TL_02KEEP_90_110_f897.xosc,
90_112,tlkeep,90,112,964,1632,srexp-petq3/HetroD-01TL_02KEEP_90_112_f965.xosc,
254_177,tlkeep,254,177,3992,4410,srexp-petq3/HetroD-01TL_02KEEP_254_177_f3993.xosc,
254_210,tlkeep,254,210,3942,4407,srexp-petq3/HetroD-01TL_02KEEP_254_210_f3943.xosc,
254_275,tlkeep,254,275,4070,4414,srexp-petq3/HetroD-01TL_02KEEP_254_275_f4071.xosc,
254_281,tlkeep,254,281,4081,4419,srexp-petq3/HetroD-01TL_02KEEP_254_281_f4082.xosc,
348_366,tlkeep,348,366,5260,5904,srexp-petq3/HetroD-01TL_02KEEP_348_366_f5261.xosc,
348_355,tlkeep,348,355,5268,5902,srexp-petq3/HetroD-01TL_02KEEP_348_355_f5269.xosc,
348_350,tlkeep,348,350,5255,5907,srexp-petq3/HetroD-01TL_02KEEP_348_350_f5256.xosc,
348_356,tlkeep,348,356,5260,5912,srexp-petq3/HetroD-01TL_02KEEP_348_356_f5261.xosc,
348_352,tlkeep,348,352,5251,5908,srexp-petq3/HetroD-01TL_02KEEP_348_352_f5252.xosc,
348_349,tlkeep,348,349,5157,5908,srexp-petq3/HetroD-01TL_02KEEP_348_349_f5158.xosc,
348_342,tlkeep,348,342,5178,5907,srexp-petq3/HetroD-01TL_02KEEP_348_342_f5179.xosc,
348_365,tlkeep,348,365,5382,5907,srexp-petq3/HetroD-01TL_02KEEP_348_365_f5383.xosc,
433_457,tlkeep,433,457,8449,8936,srexp-petq3/HetroD-01TL_02KEEP_433_457_f8450.xosc,
433_510,tlkeep,433,510,8431,8943,srexp-petq3/HetroD-01TL_02KEEP_433_510_f8432.xosc,
433_460,tlkeep,433,460,8353,8938,srexp-petq3/HetroD-01TL_02KEEP_433_460_f8354.xosc,
433_479,tlkeep,433,479,8416,8944,srexp-petq3/HetroD-01TL_02KEEP_433_479_f8417.xosc,
433_415,tlkeep,433,415,8380,8944,srexp-petq3/HetroD-01TL_02KEEP_433_415_f8381.xosc,
433_431,tlkeep,433,431,8372,8938,srexp-petq3/HetroD-01TL_02KEEP_433_431_f8373.xosc,
433_402,tlkeep,433,402,8334,8940,srexp-petq3/HetroD-01TL_02KEEP_433_402_f8335.xosc,
433_452,tlkeep,433,452,8357,8948,srexp-petq3/HetroD-01TL_02KEEP_433_452_f8358.xosc,
433_462,tlkeep,433,462,8414,8938,srexp-petq3/HetroD-01TL_02KEEP_433_462_f8415.xosc,
433_458,tlkeep,433,458,8345,8948,srexp-petq3/HetroD-01TL_02KEEP_433_458_f8346.xosc,
433_525,tlkeep,433,525,8391,8944,srexp-petq3/HetroD-01TL_02KEEP_433_525_f8392.xosc,
433_459,tlkeep,433,459,8387,8950,srexp-petq3/HetroD-01TL_02KEEP_433_459_f8388.xosc,
433_518,tlkeep,433,518,8590,8997,srexp-petq3/HetroD-01TL_02KEEP_433_518_f8591.xosc,
552_596,tlkeep,552,596,9919,10382,srexp-petq3/HetroD-01TL_02KEEP_552_596_f9920.xosc,
552_592,tlkeep,552,592,9816,10380,srexp-petq3/HetroD-01TL_02KEEP_552_592_f9817.xosc,
552_582,tlkeep,552,582,9576,10384,srexp-petq3/HetroD-01TL_02KEEP_552_582_f9577.xosc,
552_588,tlkeep,552,588,9680,10381,srexp-petq3/HetroD-01TL_02KEEP_552_588_f9681.xosc,
552_595,tlkeep,552,595,9865,10381,srexp-petq3/HetroD-01TL_02KEEP_552_595_f9866.xosc,
552_581,tlkeep,552,581,9556,10384,srexp-petq3/HetroD-01TL_02KEEP_552_581_f9557.xosc,
552_593,tlkeep,552,593,9755,10394,srexp-petq3/HetroD-01TL_02KEEP_552_593_f9756.xosc,
552_598,tlkeep,552,598,9922,10389,srexp-petq3/HetroD-01TL_02KEEP_552_598_f9923.xosc,
552_600,tlkeep,552,600,9935,10390,srexp-petq3/HetroD-01TL_02KEEP_552_600_f9936.xosc,
589_598,tlkeep,589,598,9992,10912,srexp-petq3/HetroD-01TL_02KEEP_589_598_f9993.xosc,
589_615,tlkeep,589,615,10026,10910,srexp-petq3/HetroD-01TL_02KEEP_589_615_f10027.xosc,
589_623,tlkeep,589,623,10341,10934,srexp-petq3/HetroD-01TL_02KEEP_589_623_f10342.xosc,
589_611,tlkeep,589,611,10234,10918,srexp-petq3/HetroD-01TL_02KEEP_589_611_f10235.xosc,
658_670,tlkeep,658,670,12811,13839,srexp-petq3/HetroD-01TL_02KEEP_658_670_f12812.xosc,
658_695,tlkeep,658,695,12995,13826,srexp-petq3/HetroD-01TL_02KEEP_658_695_f12996.xosc,
658_712,tlkeep,658,712,12905,13847,srexp-petq3/HetroD-01TL_02KEEP_658_712_f12906.xosc,
658_713,tlkeep,658,713,13009,13833,srexp-petq3/HetroD-01TL_02KEEP_658_713_f13010.xosc,
658_780,tlkeep,658,780,13251,13859,srexp-petq3/HetroD-01TL_02KEEP_658_780_f13252.xosc,
658_769,tlkeep,658,769,13225,13836,srexp-petq3/HetroD-01TL_02KEEP_658_769_f13226.xosc,
658_767,tlkeep,658,767,13115,13825,srexp-petq3/HetroD-01TL_02KEEP_658_767_f13116.xosc,
658_766,tlkeep,658,766,13212,13825,srexp-petq3/HetroD-01TL_02KEEP_658_766_f13213.xosc,
658_760,tlkeep,658,760,13014,13823,srexp-petq3/HetroD-01TL_02KEEP_658_760_f13015.xosc,
658_687,tlkeep,658,687,12979,13826,srexp-petq3/HetroD-01TL_02KEEP_658_687_f12980.xosc,
658_773,tlkeep,658,773,13068,13871,srexp-petq3/HetroD-01TL_02KEEP_658_773_f13069.xosc,
658_783,tlkeep,658,783,13098,13834,srexp-petq3/HetroD-01TL_02KEEP_658_783_f13099.xosc,
658_795,tlkeep,658,795,13227,13882,srexp-petq3/HetroD-01TL_02KEEP_658_795_f13228.xosc,
658_806,tlkeep,658,806,13304,13855,srexp-petq3/HetroD-01TL_02KEEP_658_806_f13305.xosc,
684_830,tlkeep,684,830,14008,14800,srexp-petq3/HetroD-01TL_02KEEP_684_830_f14009.xosc,
684_773,tlkeep,684,773,13459,14810,srexp-petq3/HetroD-01TL_02KEEP_684_773_f13460.xosc,
684_795,tlkeep,684,795,13586,14793,srexp-petq3/HetroD-01TL_02KEEP_684_795_f13587.xosc,
684_820,tlkeep,684,820,13877,14792,srexp-petq3/HetroD-01TL_02KEEP_684_820_f13878.xosc,
684_837,tlkeep,684,837,14096,14822,srexp-petq3/HetroD-01TL_02KEEP_684_837_f14097.xosc,
684_826,tlkeep,684,826,14012,14788,srexp-petq3/HetroD-01TL_02KEEP_684_826_f14013.xosc,
684_823,tlkeep,684,823,13943,14788,srexp-petq3/HetroD-01TL_02KEEP_684_823_f13944.xosc,
684_829,tlkeep,684,829,14002,14775,srexp-petq3/HetroD-01TL_02KEEP_684_829_f14003.xosc,
684_833,tlkeep,684,833,14067,14808,srexp-petq3/HetroD-01TL_02KEEP_684_833_f14068.xosc,
684_814,tlkeep,684,814,13799,14787,srexp-petq3/HetroD-01TL_02KEEP_684_814_f13800.xosc,
684_824,tlkeep,684,824,14002,14798,srexp-petq3/HetroD-01TL_02KEEP_684_824_f14003.xosc,
684_828,tlkeep,684,828,13914,14804,srexp-petq3/HetroD-01TL_02KEEP_684_828_f13915.xosc,
684_847,tlkeep,684,847,14058,14791,srexp-petq3/HetroD-01TL_02KEEP_684_847_f14059.xosc,
779_830,tlkeep,779,830,13818,14933,srexp-petq3/HetroD-01TL_02KEEP_779_830_f13819.xosc,
779_826,tlkeep,779,826,14055,14952,srexp-petq3/HetroD-01TL_02KEEP_779_826_f14056.xosc,
779_837,tlkeep,779,837,14153,14939,srexp-petq3/HetroD-01TL_02KEEP_779_837_f14154.xosc,
779_829,tlkeep,779,829,13998,14956,srexp-petq3/HetroD-01TL_02KEEP_779_829_f13999.xosc,
779_823,tlkeep,779,823,13928,14944,srexp-petq3/HetroD-01TL_02KEEP_779_823_f13929.xosc,
779_833,tlkeep,779,833,14078,14949,srexp-petq3/HetroD-01TL_02KEEP_779_833_f14079.xosc,
779_814,tlkeep,779,814,13776,14941,srexp-petq3/HetroD-01TL_02KEEP_779_814_f13777.xosc,
779_847,tlkeep,779,847,14267,14942,srexp-petq3/HetroD-01TL_02KEEP_779_847_f14268.xosc,
779_824,tlkeep,779,824,13990,14939,srexp-petq3/HetroD-01TL_02KEEP_779_824_f13991.xosc,
779_853,tlkeep,779,853,14251,14938,srexp-petq3/HetroD-01TL_02KEEP_779_853_f14252.xosc,
797_861,tlkeep,797,861,14607,15175,srexp-petq3/HetroD-01TL_02KEEP_797_861_f14608.xosc,
797_875,tlkeep,797,875,14784,15178,srexp-petq3/HetroD-01TL_02KEEP_797_875_f14785.xosc,
797_847,tlkeep,797,847,14265,15164,srexp-petq3/HetroD-01TL_02KEEP_797_847_f14266.xosc,
797_869,tlkeep,797,869,14686,15177,srexp-petq3/HetroD-01TL_02KEEP_797_869_f14687.xosc,
797_853,tlkeep,797,853,14283,15158,srexp-petq3/HetroD-01TL_02KEEP_797_853_f14284.xosc,
797_858,tlkeep,797,858,14434,15184,srexp-petq3/HetroD-01TL_02KEEP_797_858_f14435.xosc,
797_879,tlkeep,797,879,14866,15183,srexp-petq3/HetroD-01TL_02KEEP_797_879_f14867.xosc,
797_887,tlkeep,797,887,14872,15234,srexp-petq3/HetroD-01TL_02KEEP_797_887_f14873.xosc,
831_861,tlkeep,831,861,14595,15307,srexp-petq3/HetroD-01TL_02KEEP_831_861_f14596.xosc,
831_875,tlkeep,831,875,14784,15304,srexp-petq3/HetroD-01TL_02KEEP_831_875_f14785.xosc,
831_869,tlkeep,831,869,14694,15313,srexp-petq3/HetroD-01TL_02KEEP_831_869_f14695.xosc,
831_847,tlkeep,831,847,14405,15304,srexp-petq3/HetroD-01TL_02KEEP_831_847_f14406.xosc,
831_853,tlkeep,831,853,14390,15306,srexp-petq3/HetroD-01TL_02KEEP_831_853_f14391.xosc,
831_858,tlkeep,831,858,14542,15288,srexp-petq3/HetroD-01TL_02KEEP_831_858_f14543.xosc,
831_879,tlkeep,831,879,14876,15294,srexp-petq3/HetroD-01TL_02KEEP_831_879_f14877.xosc,
831_887,tlkeep,831,887,14808,15302,srexp-petq3/HetroD-01TL_02KEEP_831_887_f14809.xosc,
859_879,tlkeep,859,879,14881,15610,srexp-petq3/HetroD-01TL_02KEEP_859_879_f14882.xosc,
859_875,tlkeep,859,875,14831,15611,srexp-petq3/HetroD-01TL_02KEEP_859_875_f14832.xosc,
859_869,tlkeep,859,869,14737,15612,srexp-petq3/HetroD-01TL_02KEEP_859_869_f14738.xosc,
859_887,tlkeep,859,887,14993,15594,srexp-petq3/HetroD-01TL_02KEEP_859_887_f14994.xosc,
865_879,tlkeep,865,879,14889,15735,srexp-petq3/HetroD-01TL_02KEEP_865_879_f14890.xosc,
865_887,tlkeep,865,887,15003,15720,srexp-petq3/HetroD-01TL_02KEEP_865_887_f15004.xosc,
901_969,tlkeep,901,969,17517,18408,srexp-petq3/HetroD-01TL_02KEEP_901_969_f17518.xosc,
901_1017,tlkeep,901,1017,17878,18359,srexp-petq3/HetroD-01TL_02KEEP_901_1017_f17879.xosc,
901_1013,tlkeep,901,1013,17803,18342,srexp-petq3/HetroD-01TL_02KEEP_901_1013_f17804.xosc,
901_1008,tlkeep,901,1008,17634,18350,srexp-petq3/HetroD-01TL_02KEEP_901_1008_f17635.xosc,
901_974,tlkeep,901,974,17547,18408,srexp-petq3/HetroD-01TL_02KEEP_901_974_f17548.xosc,
901_1007,tlkeep,901,1007,17698,18333,srexp-petq3/HetroD-01TL_02KEEP_901_1007_f17699.xosc,
901_1028,tlkeep,901,1028,17976,18408,srexp-petq3/HetroD-01TL_02KEEP_901_1028_f17977.xosc,
901_1027,tlkeep,901,1027,17977,18343,srexp-petq3/HetroD-01TL_02KEEP_901_1027_f17978.xosc,
901_1029,tlkeep,901,1029,17990,18333,srexp-petq3/HetroD-01TL_02KEEP_901_1029_f17991.xosc,
901_1031,tlkeep,901,1031,17919,18331,srexp-petq3/HetroD-01TL_02KEEP_901_1031_f17920.xosc,
914_1031,tlkeep,914,1031,18192,18630,srexp-petq3/HetroD-01TL_02KEEP_914_1031_f18193.xosc,
914_1027,tlkeep,914,1027,18014,18637,srexp-petq3/HetroD-01TL_02KEEP_914_1027_f18015.xosc,
914_1029,tlkeep,914,1029,18104,18648,srexp-petq3/HetroD-01TL_02KEEP_914_1029_f18105.xosc,
914_1036,tlkeep,914,1036,18208,18658,srexp-petq3/HetroD-01TL_02KEEP_914_1036_f18209.xosc,
914_1028,tlkeep,914,1028,18089,18632,srexp-petq3/HetroD-01TL_02KEEP_914_1028_f18090.xosc,
914_1050,tlkeep,914,1050,18281,18659,srexp-petq3/HetroD-01TL_02KEEP_914_1050_f18282.xosc,
914_1052,tlkeep,914,1052,18279,18675,srexp-petq3/HetroD-01TL_02KEEP_914_1052_f18280.xosc,
1037_1062,tlkeep,1037,1062,18333,19116,srexp-petq3/HetroD-01TL_02KEEP_1037_1062_f18334.xosc,
1037_1050,tlkeep,1037,1050,18378,19111,srexp-petq3/HetroD-01TL_02KEEP_1037_1050_f18379.xosc,
1037_1052,tlkeep,1037,1052,18383,19097,srexp-petq3/HetroD-01TL_02KEEP_1037_1052_f18384.xosc,
1037_1073,tlkeep,1037,1073,18433,19136,srexp-petq3/HetroD-01TL_02KEEP_1037_1073_f18434.xosc,
1057_1062,tlkeep,1057,1062,18573,19555,srexp-petq3/HetroD-01TL_02KEEP_1057_1062_f18574.xosc,
1057_1058,tlkeep,1057,1058,18499,19552,srexp-petq3/HetroD-01TL_02KEEP_1057_1058_f18500.xosc,
1057_1052,tlkeep,1057,1052,18462,19572,srexp-petq3/HetroD-01TL_02KEEP_1057_1052_f18463.xosc,
1057_1080,tlkeep,1057,1080,18723,19562,srexp-petq3/HetroD-01TL_02KEEP_1057_1080_f18724.xosc,
1057_1082,tlkeep,1057,1082,18746,19568,srexp-petq3/HetroD-01TL_02KEEP_1057_1082_f18747.xosc,
1057_1073,tlkeep,1057,1073,18733,19563,srexp-petq3/HetroD-01TL_02KEEP_1057_1073_f18734.xosc,
1057_1077,tlkeep,1057,1077,18654,19550,srexp-petq3/HetroD-01TL_02KEEP_1057_1077_f18655.xosc,
1057_1078,tlkeep,1057,1078,18683,19548,srexp-petq3/HetroD-01TL_02KEEP_1057_1078_f18684.xosc,
1067_1099,tlkeep,1067,1099,19178,19783,srexp-petq3/HetroD-01TL_02KEEP_1067_1099_f19179.xosc,
1067_1098,tlkeep,1067,1098,19134,19777,srexp-petq3/HetroD-01TL_02KEEP_1067_1098_f19135.xosc,
1067_1093,tlkeep,1067,1093,19090,19770,srexp-petq3/HetroD-01TL_02KEEP_1067_1093_f19091.xosc,
1067_1086,tlkeep,1067,1086,18966,19760,srexp-petq3/HetroD-01TL_02KEEP_1067_1086_f18967.xosc,
1067_1112,tlkeep,1067,1112,19394,19779,srexp-petq3/HetroD-01TL_02KEEP_1067_1112_f19395.xosc,
1067_1100,tlkeep,1067,1100,19211,19763,srexp-petq3/HetroD-01TL_02KEEP_1067_1100_f19212.xosc,
1067_1080,tlkeep,1067,1080,18902,19779,srexp-petq3/HetroD-01TL_02KEEP_1067_1080_f18903.xosc,
1101_1112,tlkeep,1101,1112,19439,19796,srexp-petq3/HetroD-01TL_02KEEP_1101_1112_f19440.xosc,
1156_1181,tlkeep,1156,1181,21826,22429,srexp-petq3/HetroD-01TL_02KEEP_1156_1181_f21827.xosc,
1156_1120,tlkeep,1156,1120,21819,22426,srexp-petq3/HetroD-01TL_02KEEP_1156_1120_f21820.xosc,
1156_1193,tlkeep,1156,1193,21829,22437,srexp-petq3/HetroD-01TL_02KEEP_1156_1193_f21830.xosc,
1156_1176,tlkeep,1156,1176,21788,22453,srexp-petq3/HetroD-01TL_02KEEP_1156_1176_f21789.xosc,
1156_1192,tlkeep,1156,1192,21847,22451,srexp-petq3/HetroD-01TL_02KEEP_1156_1192_f21848.xosc,
1156_1166,tlkeep,1156,1166,21783,22449,srexp-petq3/HetroD-01TL_02KEEP_1156_1166_f21784.xosc,
1156_1184,tlkeep,1156,1184,21842,22439,srexp-petq3/HetroD-01TL_02KEEP_1156_1184_f21843.xosc,
1230_1181,tlkeep,1230,1181,22067,22589,srexp-petq3/HetroD-01TL_02KEEP_1230_1181_f22068.xosc,
1230_1120,tlkeep,1230,1120,21940,22589,srexp-petq3/HetroD-01TL_02KEEP_1230_1120_f21941.xosc,
1230_1193,tlkeep,1230,1193,21974,22560,srexp-petq3/HetroD-01TL_02KEEP_1230_1193_f21975.xosc,
1230_1176,tlkeep,1230,1176,21905,22565,srexp-petq3/HetroD-01TL_02KEEP_1230_1176_f21906.xosc,
1230_1192,tlkeep,1230,1192,21950,22527,srexp-petq3/HetroD-01TL_02KEEP_1230_1192_f21951.xosc,
1230_1166,tlkeep,1230,1166,21899,22544,srexp-petq3/HetroD-01TL_02KEEP_1230_1166_f21900.xosc,
1230_1184,tlkeep,1230,1184,21878,22523,srexp-petq3/HetroD-01TL_02KEEP_1230_1184_f21879.xosc,
1230_1161,tlkeep,1230,1161,21907,22589,srexp-petq3/HetroD-01TL_02KEEP_1230_1161_f21908.xosc,
1230_1248,tlkeep,1230,1248,22185,22589,srexp-petq3/HetroD-01TL_02KEEP_1230_1248_f22186.xosc,
1239_1181,tlkeep,1239,1181,22020,22630,srexp-petq3/HetroD-01TL_02KEEP_1239_1181_f22021.xosc,
1239_1120,tlkeep,1239,1120,22026,22632,srexp-petq3/HetroD-01TL_02KEEP_1239_1120_f22027.xosc,
1239_1193,tlkeep,1239,1193,22025,22662,srexp-petq3/HetroD-01TL_02KEEP_1239_1193_f22026.xosc,
1239_1184,tlkeep,1239,1184,22003,22622,srexp-petq3/HetroD-01TL_02KEEP_1239_1184_f22004.xosc,
1239_1250,tlkeep,1239,1250,22217,22632,srexp-petq3/HetroD-01TL_02KEEP_1239_1250_f22218.xosc,
1239_1161,tlkeep,1239,1161,22040,22630,srexp-petq3/HetroD-01TL_02KEEP_1239_1161_f22041.xosc,
1239_1252,tlkeep,1239,1252,22232,22617,srexp-petq3/HetroD-01TL_02KEEP_1239_1252_f22233.xosc,
1239_1256,tlkeep,1239,1256,22255,22615,srexp-petq3/HetroD-01TL_02KEEP_1239_1256_f22256.xosc,
1239_1248,tlkeep,1239,1248,22175,22671,srexp-petq3/HetroD-01TL_02KEEP_1239_1248_f22176.xosc,
1293_1317,tlkeep,1293,1317,22929,23720,srexp-petq3/HetroD-01TL_02KEEP_1293_1317_f22930.xosc,
1293_1302,tlkeep,1293,1302,22910,23712,srexp-petq3/HetroD-01TL_02KEEP_1293_1302_f22911.xosc,
1293_1309,tlkeep,1293,1309,22922,23733,srexp-petq3/HetroD-01TL_02KEEP_1293_1309_f22923.xosc,
1293_1288,tlkeep,1293,1288,22819,23703,srexp-petq3/HetroD-01TL_02KEEP_1293_1288_f22820.xosc,
1293_1314,tlkeep,1293,1314,23053,23710,srexp-petq3/HetroD-01TL_02KEEP_1293_1314_f23054.xosc,
1293_1313,tlkeep,1293,1313,23018,23692,srexp-petq3/HetroD-01TL_02KEEP_1293_1313_f23019.xosc,
1293_1301,tlkeep,1293,1301,22887,23682,srexp-petq3/HetroD-01TL_02KEEP_1293_1301_f22888.xosc,
1293_1299,tlkeep,1293,1299,22900,23751,srexp-petq3/HetroD-01TL_02KEEP_1293_1299_f22901.xosc,
1293_1321,tlkeep,1293,1321,23096,23676,srexp-petq3/HetroD-01TL_02KEEP_1293_1321_f23097.xosc,
1293_1294,tlkeep,1293,1294,22868,23731,srexp-petq3/HetroD-01TL_02KEEP_1293_1294_f22869.xosc,
1293_1303,tlkeep,1293,1303,22890,23734,srexp-petq3/HetroD-01TL_02KEEP_1293_1303_f22891.xosc,
1293_1333,tlkeep,1293,1333,23277,23539,srexp-petq3/HetroD-01TL_02KEEP_1293_1333_f23278.xosc,
1391_1498,tlkeep,1391,1498,26716,27917,srexp-petq3/HetroD-01TL_02KEEP_1391_1498_f26717.xosc,
1391_1488,tlkeep,1391,1488,26617,27923,srexp-petq3/HetroD-01TL_02KEEP_1391_1488_f26618.xosc,
1391_1446,tlkeep,1391,1446,26531,27905,srexp-petq3/HetroD-01TL_02KEEP_1391_1446_f26532.xosc,
1391_1511,tlkeep,1391,1511,26810,27963,srexp-petq3/HetroD-01TL_02KEEP_1391_1511_f26811.xosc,
1391_1507,tlkeep,1391,1507,26766,27926,srexp-petq3/HetroD-01TL_02KEEP_1391_1507_f26767.xosc,
1391_1514,tlkeep,1391,1514,26837,27936,srexp-petq3/HetroD-01TL_02KEEP_1391_1514_f26838.xosc,
1391_1509,tlkeep,1391,1509,26791,27933,srexp-petq3/HetroD-01TL_02KEEP_1391_1509_f26792.xosc,
1391_1526,tlkeep,1391,1526,26904,27950,srexp-petq3/HetroD-01TL_02KEEP_1391_1526_f26905.xosc,
1391_1512,tlkeep,1391,1512,26860,27927,srexp-petq3/HetroD-01TL_02KEEP_1391_1512_f26861.xosc,
1391_1451,tlkeep,1391,1451,26463,27910,srexp-petq3/HetroD-01TL_02KEEP_1391_1451_f26464.xosc,
1391_1521,tlkeep,1391,1521,26920,27902,srexp-petq3/HetroD-01TL_02KEEP_1391_1521_f26921.xosc,
1391_1422,tlkeep,1391,1422,26511,27983,srexp-petq3/HetroD-01TL_02KEEP_1391_1422_f26512.xosc,
1391_1506,tlkeep,1391,1506,26791,27951,srexp-petq3/HetroD-01TL_02KEEP_1391_1506_f26792.xosc,
1427_1545,tlkeep,1427,1545,27424,28008,srexp-petq3/HetroD-01TL_02KEEP_1427_1545_f27425.xosc,
1427_1533,tlkeep,1427,1533,27145,28021,srexp-petq3/HetroD-01TL_02KEEP_1427_1533_f27146.xosc,
1427_1513,tlkeep,1427,1513,26879,27947,srexp-petq3/HetroD-01TL_02KEEP_1427_1513_f26880.xosc,
1427_1549,tlkeep,1427,1549,27269,28031,srexp-petq3/HetroD-01TL_02KEEP_1427_1549_f27270.xosc,
1427_1550,tlkeep,1427,1550,27275,28076,srexp-petq3/HetroD-01TL_02KEEP_1427_1550_f27276.xosc,
1427_1525,tlkeep,1427,1525,27086,28102,srexp-petq3/HetroD-01TL_02KEEP_1427_1525_f27087.xosc,
1543_1545,tlkeep,1543,1545,27561,28055,srexp-petq3/HetroD-01TL_02KEEP_1543_1545_f27562.xosc,
1543_1533,tlkeep,1543,1533,27631,28018,srexp-petq3/HetroD-01TL_02KEEP_1543_1533_f27632.xosc,
1564_1600,tlkeep,1564,1600,28188,29984,srexp-petq3/HetroD-01TL_02KEEP_1564_1600_f28189.xosc,
1564_1612,tlkeep,1564,1612,28394,29976,srexp-petq3/HetroD-01TL_02KEEP_1564_1612_f28395.xosc,
1564_1594,tlkeep,1564,1594,28149,29958,srexp-petq3/HetroD-01TL_02KEEP_1564_1594_f28150.xosc,
1564_1608,tlkeep,1564,1608,28328,29971,srexp-petq3/HetroD-01TL_02KEEP_1564_1608_f28329.xosc,
1564_1603,tlkeep,1564,1603,28153,29959,srexp-petq3/HetroD-01TL_02KEEP_1564_1603_f28154.xosc,
1564_1607,tlkeep,1564,1607,28311,29956,srexp-petq3/HetroD-01TL_02KEEP_1564_1607_f28312.xosc,
1580_1600,tlkeep,1580,1600,28305,30109,srexp-petq3/HetroD-01TL_02KEEP_1580_1600_f28306.xosc,
1580_1608,tlkeep,1580,1608,28334,30193,srexp-petq3/HetroD-01TL_02KEEP_1580_1608_f28335.xosc,
1580_1612,tlkeep,1580,1612,28421,30119,srexp-petq3/HetroD-01TL_02KEEP_1580_1612_f28422.xosc,
1628_1675,tlkeep,1628,1675,30680,31177,srexp-petq3/HetroD-01TL_02KEEP_1628_1675_f30681.xosc,
1628_1689,tlkeep,1628,1689,30718,31177,srexp-petq3/HetroD-01TL_02KEEP_1628_1689_f30719.xosc,
1628_1719,tlkeep,1628,1719,30663,31177,srexp-petq3/HetroD-01TL_02KEEP_1628_1719_f30664.xosc,
1628_1711,tlkeep,1628,1711,30653,31189,srexp-petq3/HetroD-01TL_02KEEP_1628_1711_f30654.xosc,
1628_1648,tlkeep,1628,1648,30695,31258,srexp-petq3/HetroD-01TL_02KEEP_1628_1648_f30696.xosc,
1628_1684,tlkeep,1628,1684,30723,31213,srexp-petq3/HetroD-01TL_02KEEP_1628_1684_f30724.xosc,
1664_1621,tlkeep,1664,1621,30864,31791,srexp-petq3/HetroD-01TL_02KEEP_1664_1621_f30865.xosc,
1664_1643,tlkeep,1664,1643,30924,31797,srexp-petq3/HetroD-01TL_02KEEP_1664_1643_f30925.xosc,
1664_1703,tlkeep,1664,1703,31090,31804,srexp-petq3/HetroD-01TL_02KEEP_1664_1703_f31091.xosc,
1664_1756,tlkeep,1664,1756,30960,31798,srexp-petq3/HetroD-01TL_02KEEP_1664_1756_f30961.xosc,
1664_1631,tlkeep,1664,1631,30898,31791,srexp-petq3/HetroD-01TL_02KEEP_1664_1631_f30899.xosc,
1664_1715,tlkeep,1664,1715,31213,31793,srexp-petq3/HetroD-01TL_02KEEP_1664_1715_f31214.xosc,
1664_1731,tlkeep,1664,1731,30846,31806,srexp-petq3/HetroD-01TL_02KEEP_1664_1731_f30847.xosc,
1664_1775,tlkeep,1664,1775,31328,31799,srexp-petq3/HetroD-01TL_02KEEP_1664_1775_f31329.xosc,
1664_1771,tlkeep,1664,1771,31147,31808,srexp-petq3/HetroD-01TL_02KEEP_1664_1771_f31148.xosc,
1664_1689,tlkeep,1664,1689,30856,31814,srexp-petq3/HetroD-01TL_02KEEP_1664_1689_f30857.xosc,
1664_1774,tlkeep,1664,1774,31138,31821,srexp-petq3/HetroD-01TL_02KEEP_1664_1774_f31139.xosc,
1664_1776,tlkeep,1664,1776,31302,31800,srexp-petq3/HetroD-01TL_02KEEP_1664_1776_f31303.xosc,
1664_1637,tlkeep,1664,1637,30930,31814,srexp-petq3/HetroD-01TL_02KEEP_1664_1637_f30931.xosc,
1664_1614,tlkeep,1664,1614,30965,31803,srexp-petq3/HetroD-01TL_02KEEP_1664_1614_f30966.xosc,
1664_1788,tlkeep,1664,1788,31501,31815,srexp-petq3/HetroD-01TL_02KEEP_1664_1788_f31502.xosc,
1850_1853,tlkeep,1850,1853,32678,33146,srexp-petq3/HetroD-01TL_02KEEP_1850_1853_f32679.xosc,
1850_1861,tlkeep,1850,1861,32744,33143,srexp-petq3/HetroD-01TL_02KEEP_1850_1861_f32745.xosc,
1850_1863,tlkeep,1850,1863,32753,33138,srexp-petq3/HetroD-01TL_02KEEP_1850_1863_f32754.xosc,
1920_2082,tlkeep,1920,2082,37106,37779,srexp-petq3/HetroD-01TL_02KEEP_1920_2082_f37107.xosc,
1920_2073,tlkeep,1920,2073,36934,37779,srexp-petq3/HetroD-01TL_02KEEP_1920_2073_f36935.xosc,
1920_2081,tlkeep,1920,2081,37092,37765,srexp-petq3/HetroD-01TL_02KEEP_1920_2081_f37093.xosc,
1920_2087,tlkeep,1920,2087,37215,37779,srexp-petq3/HetroD-01TL_02KEEP_1920_2087_f37216.xosc,
1920_2079,tlkeep,1920,2079,37107,37787,srexp-petq3/HetroD-01TL_02KEEP_1920_2079_f37108.xosc,
2011_2082,tlkeep,2011,2082,37102,37876,srexp-petq3/HetroD-01TL_02KEEP_2011_2082_f37103.xosc,
2011_2073,tlkeep,2011,2073,36956,37881,srexp-petq3/HetroD-01TL_02KEEP_2011_2073_f36957.xosc,
2011_2087,tlkeep,2011,2087,37235,37899,srexp-petq3/HetroD-01TL_02KEEP_2011_2087_f37236.xosc,
2011_2079,tlkeep,2011,2079,37092,37889,srexp-petq3/HetroD-01TL_02KEEP_2011_2079_f37093.xosc,
2022_2082,tlkeep,2022,2082,37161,37969,srexp-petq3/HetroD-01TL_02KEEP_2022_2082_f37162.xosc,
2022_2087,tlkeep,2022,2087,37192,37970,srexp-petq3/HetroD-01TL_02KEEP_2022_2087_f37193.xosc,
2022_2079,tlkeep,2022,2079,37126,37967,srexp-petq3/HetroD-01TL_02KEEP_2022_2079_f37127.xosc,
2161_2141,tlkeep,2161,2141,39773,40419,srexp-petq3/HetroD-01TL_02KEEP_2161_2141_f39774.xosc,
2161_2226,tlkeep,2161,2226,39885,40443,srexp-petq3/HetroD-01TL_02KEEP_2161_2226_f39886.xosc,
2161_2155,tlkeep,2161,2155,39888,40432,srexp-petq3/HetroD-01TL_02KEEP_2161_2155_f39889.xosc,
2161_2162,tlkeep,2161,2162,39890,40432,srexp-petq3/HetroD-01TL_02KEEP_2161_2162_f39891.xosc,
2161_2158,tlkeep,2161,2158,39800,40437,srexp-petq3/HetroD-01TL_02KEEP_2161_2158_f39801.xosc,
2161_2223,tlkeep,2161,2223,40059,40443,srexp-petq3/HetroD-01TL_02KEEP_2161_2223_f40060.xosc,
2161_2138,tlkeep,2161,2138,39860,40452,srexp-petq3/HetroD-01TL_02KEEP_2161_2138_f39861.xosc,
2161_2140,tlkeep,2161,2140,39794,40438,srexp-petq3/HetroD-01TL_02KEEP_2161_2140_f39795.xosc,
2161_2192,tlkeep,2161,2192,39830,40442,srexp-petq3/HetroD-01TL_02KEEP_2161_2192_f39831.xosc,
2161_2144,tlkeep,2161,2144,39811,40438,srexp-petq3/HetroD-01TL_02KEEP_2161_2144_f39812.xosc,
2161_2150,tlkeep,2161,2150,39892,40436,srexp-petq3/HetroD-01TL_02KEEP_2161_2150_f39893.xosc,
2161_2214,tlkeep,2161,2214,40052,40446,srexp-petq3/HetroD-01TL_02KEEP_2161_2214_f40053.xosc,
2161_2228,tlkeep,2161,2228,40088,40453,srexp-petq3/HetroD-01TL_02KEEP_2161_2228_f40089.xosc,
2161_2215,tlkeep,2161,2215,39854,40441,srexp-petq3/HetroD-01TL_02KEEP_2161_2215_f39855.xosc,
2161_2232,tlkeep,2161,2232,40165,40448,srexp-petq3/HetroD-01TL_02KEEP_2161_2232_f40166.xosc,
2161_2231,tlkeep,2161,2231,40163,40463,srexp-petq3/HetroD-01TL_02KEEP_2161_2231_f40164.xosc,
2161_2236,tlkeep,2161,2236,40207,40496,srexp-petq3/HetroD-01TL_02KEEP_2161_2236_f40208.xosc,
2261_2275,tlkeep,2261,2275,41135,41599,srexp-petq3/HetroD-01TL_02KEEP_2261_2275_f41136.xosc,
2261_2270,tlkeep,2261,2270,41056,41583,srexp-petq3/HetroD-01TL_02KEEP_2261_2270_f41057.xosc,
2261_2266,tlkeep,2261,2266,41039,41587,srexp-petq3/HetroD-01TL_02KEEP_2261_2266_f41040.xosc,
2261_2267,tlkeep,2261,2267,41029,41585,srexp-petq3/HetroD-01TL_02KEEP_2261_2267_f41030.xosc,
2261_2263,tlkeep,2261,2263,40998,41592,srexp-petq3/HetroD-01TL_02KEEP_2261_2263_f40999.xosc,
2306_2303,tlkeep,2306,2303,41822,42181,srexp-petq3/HetroD-01TL_02KEEP_2306_2303_f41823.xosc,
2306_2307,tlkeep,2306,2307,41819,42164,srexp-petq3/HetroD-01TL_02KEEP_2306_2307_f41820.xosc,
2306_2310,tlkeep,2306,2310,41824,42209,srexp-petq3/HetroD-01TL_02KEEP_2306_2310_f41825.xosc,
2306_2312,tlkeep,2306,2312,41815,42235,srexp-petq3/HetroD-01TL_02KEEP_2306_2312_f41816.xosc,
2306_2313,tlkeep,2306,2313,41827,42246,srexp-petq3/HetroD-01TL_02KEEP_2306_2313_f41828.xosc,
14_33,keeptl,14,33,2269,3087,srexp-petq3/HetroD-01KEEP_02TL_14_33_f2270.xosc,
14_26,keeptl,14,26,2122,3016,srexp-petq3/HetroD-01KEEP_02TL_14_26_f2123.xosc,
31_26,keeptl,31,26,2111,2907,srexp-petq3/HetroD-01KEEP_02TL_31_26_f2112.xosc,
31_33,keeptl,31,33,2268,2998,srexp-petq3/HetroD-01KEEP_02TL_31_33_f2269.xosc,
193_33,keeptl,193,33,2329,3147,srexp-petq3/HetroD-01KEEP_02TL_193_33_f2330.xosc,
257_393,keeptl,257,393,6704,7345,srexp-petq3/HetroD-01KEEP_02TL_257_393_f6705.xosc,
257_413,keeptl,257,413,6772,7433,srexp-petq3/HetroD-01KEEP_02TL_257_413_f6773.xosc,
257_244,keeptl,257,244,6728,7446,srexp-petq3/HetroD-01KEEP_02TL_257_244_f6729.xosc,
257_265,keeptl,257,265,6788,7403,srexp-petq3/HetroD-01KEEP_02TL_257_265_f6789.xosc,
450_413,keeptl,450,413,6956,7568,srexp-petq3/HetroD-01KEEP_02TL_450_413_f6957.xosc,
450_265,keeptl,450,265,6891,7588,srexp-petq3/HetroD-01KEEP_02TL_450_265_f6892.xosc,
450_244,keeptl,450,244,7025,7574,srexp-petq3/HetroD-01KEEP_02TL_450_244_f7026.xosc,
450_269,keeptl,450,269,6891,7561,srexp-petq3/HetroD-01KEEP_02TL_450_269_f6892.xosc,
450_393,keeptl,450,393,6891,7571,srexp-petq3/HetroD-01KEEP_02TL_450_393_f6892.xosc,
478_484,keeptl,478,484,7373,7837,srexp-petq3/HetroD-01KEEP_02TL_478_484_f7374.xosc,
482_484,keeptl,482,484,7461,7908,srexp-petq3/HetroD-01KEEP_02TL_482_484_f7462.xosc,
741_739,keeptl,741,739,12365,12784,srexp-petq3/HetroD-01KEEP_02TL_741_739_f12366.xosc,
744_739,keeptl,744,739,12427,12860,srexp-petq3/HetroD-01KEEP_02TL_744_739_f12428.xosc,
926_786,keeptl,926,786,15825,16412,srexp-petq3/HetroD-01KEEP_02TL_926_786_f15826.xosc,
926_811,keeptl,926,811,15830,16412,srexp-petq3/HetroD-01KEEP_02TL_926_811_f15831.xosc,
935_786,keeptl,935,786,15923,16501,srexp-petq3/HetroD-01KEEP_02TL_935_786_f15924.xosc,
935_811,keeptl,935,811,15969,16474,srexp-petq3/HetroD-01KEEP_02TL_935_811_f15970.xosc,
1153_1118,keeptl,1153,1118,20378,21041,srexp-petq3/HetroD-01KEEP_02TL_1153_1118_f20379.xosc,
1153_1138,keeptl,1153,1138,20301,20995,srexp-petq3/HetroD-01KEEP_02TL_1153_1138_f20302.xosc,
1435_1436,keeptl,1435,1436,25271,25837,srexp-petq3/HetroD-01KEEP_02TL_1435_1436_f25272.xosc,
1439_1436,keeptl,1439,1436,25323,25882,srexp-petq3/HetroD-01KEEP_02TL_1439_1436_f25324.xosc,
1733_1707,keeptl,1733,1707,30013,30617,srexp-petq3/HetroD-01KEEP_02TL_1733_1707_f30014.xosc,
1733_1708,keeptl,1733,1708,30035,30615,srexp-petq3/HetroD-01KEEP_02TL_1733_1708_f30036.xosc,
1740_1707,keeptl,1740,1707,30151,30614,srexp-petq3/HetroD-01KEEP_02TL_1740_1707_f30152.xosc,
1740_1708,keeptl,1740,1708,30161,30638,srexp-petq3/HetroD-01KEEP_02TL_1740_1708_f30162.xosc,
1755_1870,keeptl,1755,1870,33727,34200,srexp-petq3/HetroD-01KEEP_02TL_1755_1870_f33728.xosc,
1755_1909,keeptl,1755,1909,33747,34200,srexp-petq3/HetroD-01KEEP_02TL_1755_1909_f33748.xosc,
1836_1870,keeptl,1836,1870,33808,34245,srexp-petq3/HetroD-01KEEP_02TL_1836_1870_f33809.xosc,
1836_1909,keeptl,1836,1909,33839,34254,srexp-petq3/HetroD-01KEEP_02TL_1836_1909_f33840.xosc,
1925_1770,keeptl,1925,1770,33914,34425,srexp-petq3/HetroD-01KEEP_02TL_1925_1770_f33915.xosc,
2137_1981,keeptl,2137,1981,38394,38807,srexp-petq3/HetroD-01KEEP_02TL_2137_1981_f38395.xosc,
2157_2038,keeptl,2157,2038,38734,39140,srexp-petq3/HetroD-01KEEP_02TL_2157_2038_f38735.xosc,
2164_2160,keeptl,2164,2160,38897,39298,srexp-petq3/HetroD-01KEEP_02TL_2164_2160_f38898.xosc,
2203_2197,keeptl,2203,2197,39566,39855,srexp-petq3/HetroD-01KEEP_02TL_2203_2197_f39567.xosc,
97_197,keeptl_sw,97,197,2553,2873,xosc_base_cp3/HetroD-01KEEP_02TL_97_197_f2554.xosc,2714
97_199,keeptl_sw,97,199,2559,2873,xosc_base_cp3/HetroD-01KEEP_02TL_97_199_f2560.xosc,2729
97_189,keeptl_sw,97,189,2229,2873,xosc_base_cp3/HetroD-01KEEP_02TL_97_189_f2230.xosc,2590
196_213,keeptl_sw,196,213,2729,3338,xosc_base_cp3/HetroD-01KEEP_02TL_196_213_f2730.xosc,3143
196_199,keeptl_sw,196,199,2708,3335,xosc_base_cp3/HetroD-01KEEP_02TL_196_199_f2709.xosc,3022
207_199,keeptl_sw,207,199,2765,3163,xosc_base_cp3/HetroD-01KEEP_02TL_207_199_f2766.xosc,2971
207_197,keeptl_sw,207,197,2740,3138,xosc_base_cp3/HetroD-01KEEP_02TL_207_197_f2741.xosc,2842
227_213,keeptl_sw,227,213,3114,3713,xosc_base_cp3/HetroD-01KEEP_02TL_227_213_f3115.xosc,3470
227_225,keeptl_sw,227,225,3133,3713,xosc_base_cp3/HetroD-01KEEP_02TL_227_225_f3134.xosc,3482
229_213,keeptl_sw,229,213,3177,3754,xosc_base_cp3/HetroD-01KEEP_02TL_229_213_f3178.xosc,3523
249_437,keeptl_sw,249,437,6753,7136,xosc_base_cp3/HetroD-01KEEP_02TL_249_437_f6754.xosc,6968
256_437,keeptl_sw,256,437,6782,7331,xosc_base_cp3/HetroD-01KEEP_02TL_256_437_f6783.xosc,7076
276_397,keeptl_sw,276,397,6928,7419,xosc_base_cp3/HetroD-01KEEP_02TL_276_397_f6929.xosc,7121
276_437,keeptl_sw,276,437,6754,7413,xosc_base_cp3/HetroD-01KEEP_02TL_276_437_f6755.xosc,7080
501_497,keeptl_sw,501,497,7862,8194,xosc_base_cp3/HetroD-01KEEP_02TL_501_497_f7863.xosc,8019
537_523,keeptl_sw,537,523,11235,11887,xosc_base_cp3/HetroD-01KEEP_02TL_537_523_f11236.xosc,11499
537_636,keeptl_sw,537,636,11185,11922,xosc_base_cp3/HetroD-01KEEP_02TL_537_636_f11186.xosc,11412
710_717,keeptl_sw,710,717,11853,12350,xosc_base_cp3/HetroD-01KEEP_02TL_710_717_f11854.xosc,12139
710_726,keeptl_sw,710,726,11892,12350,xosc_base_cp3/HetroD-01KEEP_02TL_710_726_f11893.xosc,12156
710_701,keeptl_sw,710,701,11753,12320,xosc_base_cp3/HetroD-01KEEP_02TL_710_701_f11754.xosc,11962
716_717,keeptl_sw,716,717,11894,12395,xosc_base_cp3/HetroD-01KEEP_02TL_716_717_f11895.xosc,12190
716_726,keeptl_sw,716,726,11981,12395,xosc_base_cp3/HetroD-01KEEP_02TL_716_726_f11982.xosc,12209
716_701,keeptl_sw,716,701,11795,12349,xosc_base_cp3/HetroD-01KEEP_02TL_716_701_f11796.xosc,11961
724_726,keeptl_sw,724,726,11985,12430,xosc_base_cp3/HetroD-01KEEP_02TL_724_726_f11986.xosc,12245
724_717,keeptl_sw,724,717,11898,12430,xosc_base_cp3/HetroD-01KEEP_02TL_724_717_f11899.xosc,12236
724_729,keeptl_sw,724,729,12054,12430,xosc_base_cp3/HetroD-01KEEP_02TL_724_729_f12055.xosc,12268
734_746,keeptl_sw,734,746,12251,12919,xosc_base_cp3/HetroD-01KEEP_02TL_734_746_f12252.xosc,12689
734_736,keeptl_sw,734,736,12255,12883,xosc_base_cp3/HetroD-01KEEP_02TL_734_736_f12256.xosc,12590
734_733,keeptl_sw,734,733,12265,12881,xosc_base_cp3/HetroD-01KEEP_02TL_734_733_f12266.xosc,12537
735_746,keeptl_sw,735,746,12355,12962,xosc_base_cp3/HetroD-01KEEP_02TL_735_746_f12356.xosc,12669
735_736,keeptl_sw,735,736,12343,12964,xosc_base_cp3/HetroD-01KEEP_02TL_735_736_f12344.xosc,12584
735_733,keeptl_sw,735,733,12276,12966,xosc_base_cp3/HetroD-01KEEP_02TL_735_733_f12277.xosc,12536
742_746,keeptl_sw,742,746,12473,13015,xosc_base_cp3/HetroD-01KEEP_02TL_742_746_f12474.xosc,12668
742_736,keeptl_sw,742,736,12448,13022,xosc_base_cp3/HetroD-01KEEP_02TL_742_736_f12449.xosc,12584
742_733,keeptl_sw,742,733,12375,13016,xosc_base_cp3/HetroD-01KEEP_02TL_742_733_f12376.xosc,12536
906_752,keeptl_sw,906,752,15754,16405,xosc_base_cp3/HetroD-01KEEP_02TL_906_752_f15755.xosc,16246
906_943,keeptl_sw,906,943,16028,16405,xosc_base_cp3/HetroD-01KEEP_02TL_906_943_f16029.xosc,16244
981_987,keeptl_sw,981,987,16869,17158,xosc_base_cp3/HetroD-01KEEP_02TL_981_987_f16870.xosc,17038
981_985,keeptl_sw,981,985,16882,17158,xosc_base_cp3/HetroD-01KEEP_02TL_981_985_f16883.xosc,17015
997_1012,keeptl_sw,997,1012,20113,20601,xosc_base_cp3/HetroD-01KEEP_02TL_997_1012_f20114.xosc,20434
1157_1170,keeptl_sw,1157,1170,20546,20863,xosc_base_cp3/HetroD-01KEEP_02TL_1157_1170_f20547.xosc,20718
1168_1154,keeptl_sw,1168,1154,20626,20907,xosc_base_cp3/HetroD-01KEEP_02TL_1168_1154_f20627.xosc,20764
1168_1170,keeptl_sw,1168,1170,20637,20907,xosc_base_cp3/HetroD-01KEEP_02TL_1168_1170_f20638.xosc,20785
1168_1174,keeptl_sw,1168,1174,20632,20907,xosc_base_cp3/HetroD-01KEEP_02TL_1168_1174_f20633.xosc,20794
1224_1227,keeptl_sw,1224,1227,21518,21766,xosc_base_cp3/HetroD-01KEEP_02TL_1224_1227_f21519.xosc,21638
1236_1307,keeptl_sw,1236,1307,24752,25172,xosc_base_cp3/HetroD-01KEEP_02TL_1236_1307_f24753.xosc,24969
1236_1327,keeptl_sw,1236,1327,24796,25172,xosc_base_cp3/HetroD-01KEEP_02TL_1236_1327_f24797.xosc,24944
1236_1354,keeptl_sw,1236,1354,24795,25172,xosc_base_cp3/HetroD-01KEEP_02TL_1236_1354_f24796.xosc,24964
1322_1354,keeptl_sw,1322,1354,24922,25307,xosc_base_cp3/HetroD-01KEEP_02TL_1322_1354_f24923.xosc,25074
1322_1351,keeptl_sw,1322,1351,24874,25307,xosc_base_cp3/HetroD-01KEEP_02TL_1322_1351_f24875.xosc,25044
1322_1327,keeptl_sw,1322,1327,24874,25307,xosc_base_cp3/HetroD-01KEEP_02TL_1322_1327_f24875.xosc,25020
1322_1307,keeptl_sw,1322,1307,24837,25307,xosc_base_cp3/HetroD-01KEEP_02TL_1322_1307_f24838.xosc,25044
1473_1478,keeptl_sw,1473,1478,26041,26326,xosc_base_cp3/HetroD-01KEEP_02TL_1473_1478_f26042.xosc,26153
1480_1571,keeptl_sw,1480,1571,29224,29920,xosc_base_cp3/HetroD-01KEEP_02TL_1480_1571_f29225.xosc,29706
1480_1598,keeptl_sw,1480,1598,29269,29920,xosc_base_cp3/HetroD-01KEEP_02TL_1480_1598_f29270.xosc,29710
1480_1569,keeptl_sw,1480,1569,29211,29920,xosc_base_cp3/HetroD-01KEEP_02TL_1480_1569_f29212.xosc,29684
1480_1693,keeptl_sw,1480,1693,29351,29920,xosc_base_cp3/HetroD-01KEEP_02TL_1480_1693_f29352.xosc,29698
1480_1699,keeptl_sw,1480,1699,29343,29920,xosc_base_cp3/HetroD-01KEEP_02TL_1480_1699_f29344.xosc,29720
1480_1541,keeptl_sw,1480,1541,29192,29920,xosc_base_cp3/HetroD-01KEEP_02TL_1480_1541_f29193.xosc,29673
1480_1572,keeptl_sw,1480,1572,29197,29920,xosc_base_cp3/HetroD-01KEEP_02TL_1480_1572_f29198.xosc,29706
1499_1670,keeptl_sw,1499,1670,29435,30188,xosc_base_cp3/HetroD-01KEEP_02TL_1499_1670_f29436.xosc,29799
1499_1572,keeptl_sw,1499,1572,29344,30220,xosc_base_cp3/HetroD-01KEEP_02TL_1499_1572_f29345.xosc,29878
1499_1699,keeptl_sw,1499,1699,29518,30220,xosc_base_cp3/HetroD-01KEEP_02TL_1499_1699_f29519.xosc,29825
1793_1928,keeptl_sw,1793,1928,33950,34435,xosc_base_cp3/HetroD-01KEEP_02TL_1793_1928_f33951.xosc,34231
1926_1928,keeptl_sw,1926,1928,34083,34471,xosc_base_cp3/HetroD-01KEEP_02TL_1926_1928_f34084.xosc,34288
1929_1932,keeptl_sw,1929,1932,34146,34528,xosc_base_cp3/HetroD-01KEEP_02TL_1929_1932_f34147.xosc,34368
1961_1973,keeptl_sw,1961,1973,34910,35180,xosc_base_cp3/HetroD-01KEEP_02TL_1961_1973_f34911.xosc,35062
1961_1967,keeptl_sw,1961,1967,34858,35180,xosc_base_cp3/HetroD-01KEEP_02TL_1961_1967_f34859.xosc,34989
1961_1963,keeptl_sw,1961,1963,34813,35180,xosc_base_cp3/HetroD-01KEEP_02TL_1961_1963_f34814.xosc,34952
1974_2019,keeptl_sw,1974,2019,38227,39027,xosc_base_cp3/HetroD-01KEEP_02TL_1974_2019_f38228.xosc,38722
2156_2174,keeptl_sw,2156,2174,38960,39487,xosc_base_cp3/HetroD-01KEEP_02TL_2156_2174_f38961.xosc,39269
2156_2166,keeptl_sw,2156,2166,38960,39487,xosc_base_cp3/HetroD-01KEEP_02TL_2156_2166_f38961.xosc,39248
2156_2175,keeptl_sw,2156,2175,38957,39487,xosc_base_cp3/HetroD-01KEEP_02TL_2156_2175_f38958.xosc,39279
2168_2174,keeptl_sw,2168,2174,39049,39631,xosc_base_cp3/HetroD-01KEEP_02TL_2168_2174_f39050.xosc,39347
2168_2175,keeptl_sw,2168,2175,39071,39609,xosc_base_cp3/HetroD-01KEEP_02TL_2168_2175_f39072.xosc,39368
2168_2166,keeptl_sw,2168,2166,39010,39616,xosc_base_cp3/HetroD-01KEEP_02TL_2168_2166_f39011.xosc,39330
2199_2194,keeptl_sw,2199,2194,39487,39753,xosc_base_cp3/HetroD-01KEEP_02TL_2199_2194_f39488.xosc,39606
43_42,cutinl,43,42,0,325,xosc_base_anch_xx_s10/HetroD-01KEEP_02CUTIN_L_43_42_f1.xosc,
101_84,cutinl,101,84,739,1122,xosc_base_anch_xx_s10/HetroD-01KEEP_02CUTIN_L_101_84_f740.xosc,
116_119,cutinl,116,119,1079,1515,xosc_base_anch_xx_s10/HetroD-01KEEP_02CUTIN_L_116_119_f1080.xosc,
118_113,cutinl,118,113,931,1119,xosc_base_anch_xx_s10/HetroD-01KEEP_02CUTIN_L_118_113_f932.xosc,
178_174,cutinl,178,174,3892,4171,xosc_base_anch_xx_s10/HetroD-01KEEP_02CUTIN_L_178_174_f3893.xosc,
196_211,cutinl,196,211,2965,3348,xosc_base_anch_xx_s10/HetroD-01KEEP_02CUTIN_L_196_211_f2966.xosc,
196_207,cutinl,196,207,2832,3348,xosc_base_anch_xx_s10/HetroD-01KEEP_02CUTIN_L_196_207_f2833.xosc,
260_264,cutinl,260,264,3830,4213,xosc_base_anch_xx_s10/HetroD-01KEEP_02CUTIN_L_260_264_f3831.xosc,
260_258,cutinl,260,258,3767,4297,xosc_base_anch_xx_s10/HetroD-01KEEP_02CUTIN_L_260_258_f3768.xosc,
330_328,cutinl,330,328,4901,5064,xosc_base_anch_xx_s10/HetroD-01KEEP_02CUTIN_L_330_328_f4902.xosc,
344_338,cutinl,344,338,5077,5241,xosc_base_anch_xx_s10/HetroD-01KEEP_02CUTIN_L_344_338_f5078.xosc,
417_423,cutinl,417,423,8353,8843,xosc_base_anch_xx_s10/HetroD-01KEEP_02CUTIN_L_417_423_f8354.xosc,
543_542,cutinl,543,542,8786,8949,xosc_base_anch_xx_s10/HetroD-01KEEP_02CUTIN_L_543_542_f8787.xosc,
632_628,cutinl,632,628,11144,11530,xosc_base_anch_xx_s10/HetroD-01KEEP_02CUTIN_L_632_628_f11145.xosc,
697_672,cutinl,697,672,13183,13764,xosc_base_anch_xx_s10/HetroD-01KEEP_02CUTIN_L_697_672_f13184.xosc,
751_886,cutinl,751,886,15768,16200,xosc_base_anch_xx_s10/HetroD-01KEEP_02CUTIN_L_751_886_f15769.xosc,
790_723,cutinl,790,723,13714,14242,xosc_base_anch_xx_s10/HetroD-01KEEP_02CUTIN_L_790_723_f13715.xosc,
815_808,cutinl,815,808,13724,14236,xosc_base_anch_xx_s10/HetroD-01KEEP_02CUTIN_L_815_808_f13725.xosc,
826_829,cutinl,826,829,13896,14141,xosc_base_anch_xx_s10/HetroD-01KEEP_02CUTIN_L_826_829_f13897.xosc,
841_827,cutinl,841,827,14205,14596,xosc_base_anch_xx_s10/HetroD-01KEEP_02CUTIN_L_841_827_f14206.xosc,
841_813,cutinl,841,813,14244,14561,xosc_base_anch_xx_s10/HetroD-01KEEP_02CUTIN_L_841_813_f14245.xosc,
877_872,cutinl,877,872,14807,15081,xosc_base_anch_xx_s10/HetroD-01KEEP_02CUTIN_L_877_872_f14808.xosc,
991_913,cutinl,991,913,17583,17945,xosc_base_anch_xx_s10/HetroD-01KEEP_02CUTIN_L_991_913_f17584.xosc,
1097_1094,cutinl,1097,1094,19038,19298,xosc_base_anch_xx_s10/HetroD-01KEEP_02CUTIN_L_1097_1094_f19039.xosc,
1097_1081,cutinl,1097,1081,19038,19266,xosc_base_anch_xx_s10/HetroD-01KEEP_02CUTIN_L_1097_1081_f19039.xosc,
1348_1349,cutinl,1348,1349,23557,24029,xosc_base_anch_xx_s10/HetroD-01KEEP_02CUTIN_L_1348_1349_f23558.xosc,
1467_1394,cutinl,1467,1394,26576,26964,xosc_base_anch_xx_s10/HetroD-01KEEP_02CUTIN_L_1467_1394_f26577.xosc,
1480_1650,cutinl,1480,1650,29260,29793,xosc_base_anch_xx_s10/HetroD-01KEEP_02CUTIN_L_1480_1650_f29261.xosc,
1480_1629,cutinl,1480,1629,29177,29781,xosc_base_anch_xx_s10/HetroD-01KEEP_02CUTIN_L_1480_1629_f29178.xosc,
1522_1579,cutinl,1522,1579,27713,28027,xosc_base_anch_xx_s10/HetroD-01KEEP_02CUTIN_L_1522_1579_f27714.xosc,
1525_1545,cutinl,1525,1545,27457,28055,xosc_base_anch_xx_s10/HetroD-01KEEP_02CUTIN_L_1525_1545_f27458.xosc,
1525_1549,cutinl,1525,1549,27495,28001,xosc_base_anch_xx_s10/HetroD-01KEEP_02CUTIN_L_1525_1549_f27496.xosc,
1553_1579,cutinl,1553,1579,27745,28174,xosc_base_anch_xx_s10/HetroD-01KEEP_02CUTIN_L_1553_1579_f27746.xosc,
1572_1693,cutinl,1572,1693,29621,30140,xosc_base_anch_xx_s10/HetroD-01KEEP_02CUTIN_L_1572_1693_f29622.xosc,
1572_1670,cutinl,1572,1670,29424,30165,xosc_base_anch_xx_s10/HetroD-01KEEP_02CUTIN_L_1572_1670_f29425.xosc,
1605_1604,cutinl,1605,1604,28003,28227,xosc_base_anch_xx_s10/HetroD-01KEEP_02CUTIN_L_1605_1604_f28004.xosc,
1703_1643,cutinl,1703,1643,31090,31638,xosc_base_anch_xx_s10/HetroD-01KEEP_02CUTIN_L_1703_1643_f31091.xosc,
1715_1756,cutinl,1715,1756,31190,31652,xosc_base_anch_xx_s10/HetroD-01KEEP_02CUTIN_L_1715_1756_f31191.xosc,
1753_1887,cutinl,1753,1887,33772,34100,xosc_base_anch_xx_s10/HetroD-01KEEP_02CUTIN_L_1753_1887_f33773.xosc,
1775_1774,cutinl,1775,1774,31147,31313,xosc_base_anch_xx_s10/HetroD-01KEEP_02CUTIN_L_1775_1774_f31148.xosc,
1775_1776,cutinl,1775,1776,31147,31385,xosc_base_anch_xx_s10/HetroD-01KEEP_02CUTIN_L_1775_1776_f31148.xosc,
1862_1860,cutinl,1862,1860,32709,32987,xosc_base_anch_xx_s10/HetroD-01KEEP_02CUTIN_L_1862_1860_f32710.xosc,
2003_1997,cutinl,2003,1997,35757,35947,xosc_base_anch_xx_s10/HetroD-01KEEP_02CUTIN_L_2003_1997_f35758.xosc,
2099_2096,cutinl,2099,2096,37310,37541,xosc_base_anch_xx_s10/HetroD-01KEEP_02CUTIN_L_2099_2096_f37311.xosc,
2168_2169,cutinl,2168,2169,39047,39467,xosc_base_anch_xx_s10/HetroD-01KEEP_02CUTIN_L_2168_2169_f39048.xosc,
31_182,cutinr,31,182,2276,2837,srexp-petq3/HetroD-01KEEP_02CUTIN_R_31_182_f2277.xosc,
257_261,cutinr,257,261,6708,7309,srexp-petq3/HetroD-01KEEP_02CUTIN_R_257_261_f6709.xosc,
257_289,cutinr,257,289,6772,7352,srexp-petq3/HetroD-01KEEP_02CUTIN_R_257_289_f6773.xosc,
257_377,cutinr,257,377,6790,7274,srexp-petq3/HetroD-01KEEP_02CUTIN_R_257_377_f6791.xosc,
257_444,cutinr,257,444,6791,7143,srexp-petq3/HetroD-01KEEP_02CUTIN_R_257_444_f6792.xosc,
523_661,cutinr,523,661,11146,11444,srexp-petq3/HetroD-01KEEP_02CUTIN_R_523_661_f11147.xosc,
679_632,cutinr,679,632,11350,11588,srexp-petq3/HetroD-01KEEP_02CUTIN_R_679_632_f11351.xosc,
689_686,cutinr,689,686,11602,12036,srexp-petq3/HetroD-01KEEP_02CUTIN_R_689_686_f11603.xosc,
926_776,cutinr,926,776,15717,16323,srexp-petq3/HetroD-01KEEP_02CUTIN_R_926_776_f15718.xosc,
950_944,cutinr,950,944,16096,16514,srexp-petq3/HetroD-01KEEP_02CUTIN_R_950_944_f16097.xosc,
1410_1421,cutinr,1410,1421,25032,25547,srexp-petq3/HetroD-01KEEP_02CUTIN_R_1410_1421_f25033.xosc,
1755_1828,cutinr,1755,1828,33621,34180,srexp-petq3/HetroD-01KEEP_02CUTIN_R_1755_1828_f33622.xosc,
1755_1843,cutinr,1755,1843,33691,33986,srexp-petq3/HetroD-01KEEP_02CUTIN_R_1755_1843_f33692.xosc,
